<?xml version="1.0" encoding="utf-8"?>
<VitoConfig iconpath="vitoresources/vitoicon/sceneicon">
	<item id="1001">
		<title>哆唯世界</title>
		<intro>带上VR眼镜，前往哆唯大陆，将作画的范围拓展至3D空间，让你能够以空气作“画布”，建造你的世界。</intro>
		<tips>绘画|创客</tips>
		<name>duoweishijie</name>
		<iconpath>duoweishijie.png</iconpath>			
	</item>		
	<item id="1002">
		<title>陶瓷VR</title>
		<intro>捏陶不再脏兮兮，在虚拟陶艺VR中制作你喜欢风格的陶瓷作品，可以在3D打印机中打印你的独一无二的作品。</intro>
		<tips>绘画|创客</tips>
		<name>taocivr</name>
		<iconpath>taocivr.png</iconpath>			
	</item>	
	<item id="1003">
		<title>美丽的极光</title>
		<intro>极光是出现于星球的高磁纬地区上空，是一种绚丽多彩的发光现象。极光是由于太阳带电粒子流（太阳风）进入地球磁场，在地球南北两极附近地区的高空，夜间出现的灿烂美丽的光辉。</intro>
		<tips>原创|天文</tips>
		<name>meilidejiguang</name>
		<iconpath>meilidejiguang.png</iconpath>			
	</item>	
	<item id="1004">
		<title>观察日食</title>
		<intro>日食，又叫做日蚀，是月球运动到太阳和地球中间，如果三者正好处在一条直线时，月球就会挡住太阳射向地球的光，月球身后的黑影正好落到地球上，这时发生日食现象。</intro>
		<tips>原创|天文|地理</tips>
		<name>guancharishi</name>
		<iconpath>guancharishi.png</iconpath>			
	</item>	
	<item id="1005">
		<title>太阳系运动</title>
		<intro>太阳系八大行星轨迹及轨道，每个行星的卫星及相关参数</intro>
		<tips>原创|天文|地理|科学</tips>
		<name>taiyangxiyundong</name>
		<iconpath>taiyangxiyundong.png</iconpath>			
	</item>	
	<item id="1006">
		<title>神奇太阳系</title>
		<intro>遨游太阳系，观测恒星及八大行星，探测太阳及八大行星内部结构。</intro>
		<tips>原创|天文|地理|科学</tips>
		<name>shenqitaiyangxi</name>
		<iconpath>shenqitaiyangxi.png</iconpath>			
	</item>	
	<item id="1007">
		<title>数学图形</title>
		<intro>认识基本形状：正方形，长方形，圆锥体，圆柱体，三角锥，小游戏：生活中基本图形。</intro>
		<tips>原创|数学</tips>
		<name>shuxuetuxing</name>
		<iconpath>shuxuetuxing.png</iconpath>			
	</item>	
	<item id="1008">
		<title>红细胞的冒险</title>
		<intro>以第一人称视角体验红细胞的一生。</intro>
		<tips>原创|生物</tips>
		<name>hongxibaodemaoxian</name>
		<iconpath>hongxibaodemaoxian.png</iconpath>			
	</item>	
	<item id="1009">
		<title>血液循环</title>
		<intro>肌肉、骨骼、神经以及血液循环系统</intro>
		<tips>原创|生物</tips>
		<name>xueyexunhuan</name>
		<iconpath>xueyexunhuan.png</iconpath>			
	</item>	
	<item id="1010">
		<title>人体心脏跳动</title>
		<intro>血液循环系统的特点及心脏结构。</intro>
		<tips>原创|生物</tips>
		<name>rentixinzangtiaodong</name>
		<iconpath>rentixinzangtiaodong.png</iconpath>			
	</item>	
	<item id="1011">
		<title>人体心脏结构</title>
		<intro>血液循环系统的特点及心脏结构。</intro>
		<tips>原创|生物</tips>
		<name>rentixinzangjiegou</name>
		<iconpath>rentixinzangjiegou.png</iconpath>			
	</item>	
		<item id="1012">
		<title>遨游太阳系</title>
		<intro>Vito带你遨游太阳系</intro>
		<tips>原创|天文|地理</tips>
		<name>aoyoutaiyangxi</name>
		<iconpath>aoyoutaiyangxi.png</iconpath>			
	</item>	

</VitoConfig>