<?xml version="1.0" encoding="utf-8"?>
<VitoConfig iconpath="vitoresources/vitoicon/sceneicon">
	<item id="1001">
		<title>测试场景</title>
		<intro>带上VR眼镜，前往哆唯大陆，将作画的范围拓展至3D空间，让你能够以空气作“画布”，建造你的世界。</intro>
		<tips>绘画|创客</tips>
		<name>demo_1</name>
		<iconpath>duoweishijie.png</iconpath>			
	</item>		
	<item id="1002">
		<title>数据收集测试场景</title>
		<intro>带上VR眼镜，前往哆唯大陆，将作画的范围拓展至3D空间，让你能够以空气作“画布”，建造你的世界。</intro>
		<tips>绘画|创客</tips>
		<name>CollectionData</name>
		<iconpath>duoweishijie.png</iconpath>			
	</item>	
</VitoConfig>