<?xml version="1.0" encoding="utf-8"?>
<VitoConfig iconpath="vitoresources/vitoicon" >
	<item id="1001">
		<title>Dive Through an Oil Rig Ecosystem - National Geographic</title>
		<intro>National Geographic VR takes you diving in 360°to explore the artificial ecosystem that’s developed below an aging oil platform.</intro>
		<tips>自然|平台|DiscoveryVR</tips>
		<name>DiveThroughanOilRigEcosystemNationalGeographic.mp4</name>
		<iconpath>DiveThroughanOilRigEcosystemNationalGeographic.png</iconpath>			
	</item>
<item id="1002">
		<title>Kamchatka Volcano Eruption - National Geographic</title>
		<intro>National Geographic VR takes you flying in 360° to the rim of a spectacular erupting volcano. Over 15,500 feet tall, Klyuchevskoy is one of the tallest and most active volcanoes on the planet.</intro>
		<tips>自然|平台|DiscoveryVR</tips>
		<name>GreatHammerheadSharkEncounterNationalGeographic.mp4</name>
		<iconpath>GreatHammerheadSharkEncounterNationalGeographic.png</iconpath>			
	</item>	
<item id="1003">
		<title>Glow Worm Caves of New Zealand - National Geographic</title>
		<intro>Deep below ground strange carnivorous worms glow and twinkle like the night sky to attract their prey.</intro>
		<tips>自然|平台|DiscoveryVR</tips>
		<name>HalfMoonBay.mp4</name>
		<iconpath>HalfMoonBay.png</iconpath>			
	</item>	
<item id="1004">
		<title>Hearing Color, Seeing Sound. This Is Synesthesia. (360 Video)</title>
		<intro>What would happen if some of your senses overlapped? What would that experience feel like? In this special 360° episode, we show you what it's like to have synesthesia.</intro>
		<tips>自然|平台|DiscoveryVR</tips>
		<name>HearingColorSeeingSoundThisIsSynesthesia.mp4</name>
		<iconpath>HearingColorSeeingSoundThisIsSynesthesia.png</iconpath>			
	</item>	
<item id="1005">
		<title>Survivorman: How to Survive in the Wild (360 Video)</title>
		<intro>Join Survivorman Les Stroud outdoors and in Virtual Reality for some first-hand survival tips.</intro>
		<tips>自然|平台|DiscoveryVR</tips>
		<name>HowtoSurviveintheWild.mp4</name>
		<iconpath>HowtoSurviveintheWild.png</iconpath>			
	</item>	
<item id="1006">
		<title>Inside The Arctic Doomsday Seed Vault For The First Time (360 Video)</title>
		<intro>For years now, the Svalbard Global Seed Vault has been collecting seeds in case a natural disaster or food crisis breaks out. So what is it like inside the vault?</intro>
		<tips>自然|平台|DiscoveryVR</tips>
		<name>InsideTheArcticDoomsdaySeedVaultForTheFirstTime.mp4</name>
		<iconpath>InsideTheArcticDoomsdaySeedVaultForTheFirstTime.png</iconpath>			
	</item>	
<item id="1007">
		<title>Journey To The Edge Of Space</title>
		<intro>Experience what it’s like to leave Earth, traveling to over 90,000 feet into the stratosphere. Never before has a 360 video been recorded at these heights – so buckle up and enjoy the view as Seeker takes you on a journey to the Edge of Space.</intro>
		<tips>自然|平台|DiscoveryVR</tips>
		<name>JourneyToTheEdgeOfSpace.mp4</name>
		<iconpath>JourneyToTheEdgeOfSpace.png</iconpath>			
	</item>	
<item id="1008">
		<title>Kamchatka Volcano Eruption | National Geographic</title>
		<intro>National Geographic VR takes you flying in 360° to the rim of a spectacular erupting volcano. Over 15,500 feet tall, Klyuchevskoy is one of the tallest and most active volcanoes on the planet.</intro>
		<tips>自然|平台|DiscoveryVR</tips>
		<name>KamchatkaVolcanoEruptionNationalGeographic.mp4</name>
		<iconpath>KamchatkaVolcanoEruptionNationalGeographic.png</iconpath>			
	</item>	
<item id="1009">
		<title>Juno: Mission to Jupiter 360 Video (Narrated)</title>
		<intro>Fly along with NASA's Juno spacecraft at Jupiter. Turn on your sound to find out more about the planet, the mission and the spacecraft.</intro>
		<tips>自然|平台|DiscoveryVR</tips>
		<name>MissiontoJupiter.mp4</name>
		<iconpath>MissiontoJupiter.png</iconpath>			
	</item>	
<item id="1010">
		<title>The Legend of Tarzan: Nature's Creatures</title>
		<intro>The @legendoftarzan reveals a world where human and nature live as one. Transport yourself to the middle of the jungle and get up close and personal with some of its amazing inhabitants.</intro>
		<tips>自然|平台|DiscoveryVR</tips>
		<name>NaturesCreatures.mp4</name>
		<iconpath>NaturesCreatures.png</iconpath>			
	</item>	
<item id="1011">
		<title>Protecting Ocean Anchor Species</title>
		<intro>Anchor species like manta rays and whale sharks are vital to the survival of our oceans. But they are largely threatened around the world. Join marine biologist Luke Tipple as he swims alongside these magnificent animals and shares why we all need to protect them.</intro>
		<tips>自然|平台|DiscoveryVR</tips>
		<name>ProtectingOceanAnchorSpecies.mp4</name>
		<iconpath>ProtectingOceanAnchorSpecies.png</iconpath>			
	</item>		
	<item id="1012">
		<title>Relocating A 3-ton Rhino In Nepal</title>
		<intro>Nepal was once home to thousands of Greater One-Horned Rhinos, but poaching decimated the population. Our team provided support to WWF to translocate five rhinos in Nepal and our cameras captured the story as they were moved more than 250 miles to their new home to form a new population.</intro>
		<tips>自然|平台|DiscoveryVR</tips>
		<name>RelocatingA3tonRhinoInNepal.mp4</name>
		<iconpath>RelocatingA3tonRhinoInNepal.png</iconpath>			
	</item>		
	<item id="1013">
		<title>First-ever panoramic view of Earth from aboard Intl Space Station</title>
		<intro>RT continues with its special series of panoramic videos from space. This time, cosmonaut Andrey Borisenko will show you a module called ‘Cupola’, from which the inhabitants of the International Space Station can observe the Earth.</intro>
		<tips>自然|平台|DiscoveryVR</tips>
		<name>SpaceFirsteverpanoramicviewofEarthfromaboardIntlSpaceStation.mp4</name>
		<iconpath>SpaceFirsteverpanoramicviewofEarthfromaboardIntlSpaceStation.png</iconpath>			
	</item>		
	<item id="1014">
		<title>Spacewalk Mayday</title>
		<intro>How does it feel to be in space and what happens when something goes terribly wrong? Experience the thrill of a spacewalk — and the heart-pounding fear as you hurtle through a minefield of debris. Plug in your headphones for maximum impact!</intro>
		<tips>自然|平台|DiscoveryVR</tips>
		<name>SpacewalkMayday.mp4</name>
		<iconpath>SpacewalkMayday.png</iconpath>			
	</item>		
	<item id="1015">
		<title>《保护大灰熊》</title>
		<intro>《保护大灰熊》</intro>
		<tips>自然|平台|DiscoveryVR</tips>
		<name>111111.mp4</name>
		<iconpath>111111.png</iconpath>			
	</item>		
	<item id="1016">
		<title>《保护野生动物》</title>
		<intro>《保护野生动物》</intro>
		<tips>自然|平台|DiscoveryVR</tips>
		<name>222222.mp4</name>
		<iconpath>222222.png</iconpath>			
	</item>		
	<item id="1017">
		<title>《红毛猩猩学校》</title>
		<intro>《红毛猩猩学校》</intro>
		<tips>自然|平台|DiscoveryVR</tips>
		<name>333333.mp4</name>
		<iconpath>333333.png</iconpath>			
	</item>		
	<item id="1018">
		<title>《新西兰的萤火虫》</title>
		<intro>《新西兰的萤火虫》</intro>
		<tips>自然|平台|DiscoveryVR</tips>
		<name>444444.mp4</name>
		<iconpath>444444.png</iconpath>			
	</item>		
	<item id="1019">
		<title>《与海豚一起游泳》</title>
		<intro>《与海豚一起游泳》</intro>
		<tips>自然|平台|DiscoveryVR</tips>
		<name>555555.mp4</name>
		<iconpath>555555.png</iconpath>			
	</item>		
	<item id="1020">
		<title>Rescued Seals (Pieterburen) VR  360° Video Experience</title>
		<intro>Rescued Seals (Pieterburen) VR  360° Video Experience</intro>
		<tips>自然|平台|DiscoveryVR</tips>
		<name>666666.mp4</name>
		<iconpath>666666.png</iconpath>			
	</item>		
	<item id="1021">
		<title>Tigers Go For A Swim In 360!!</title>
		<intro>Tigers Go For A Swim In 360!!</intro>
		<tips>自然|平台|DiscoveryVR</tips>
		<name>777777.mp4</name>
		<iconpath>777777.png</iconpath>			
	</item>		
	<item id="1022">
		<title>360 Quokkas - The Happiest Animal in the World - 4K</title>
		<intro>360 Quokkas - The Happiest Animal in the World - 4K</intro>
		<tips>自然|平台|DiscoveryVR</tips>
		<name>888888.mp4</name>
		<iconpath>888888.png</iconpath>			
	</item>		
	<item id="1023">
		<title>360 Talking Kangaroos - Australia 4K</title>
		<intro>360 Talking Kangaroos - Australia 4K</intro>
		<tips>自然|平台|DiscoveryVR</tips>
		<name>999999.mp4</name>
		<iconpath>999999.png</iconpath>			
	</item>	
	<item id="1024">
		<title>《叶蚂蚁的生活》</title>
		<intro>《叶蚂蚁的生活》</intro>
		<tips>自然|平台|DiscoveryVR</tips>
		<name>1111111.mp4</name>
		<iconpath>1111111.png</iconpath>			
	</item>	
	<item id="1025">
		<title>《蝴蝶的生活》</title>
		<intro>蝴蝶的群居生活</intro>
		<tips>自然|平台|DiscoveryVR</tips>
		<name>butterfly.mp4</name>
		<iconpath>butterfly.jpg</iconpath>			
	</item>	
	<item id="1026">
		<title>《马与蚂蚁》</title>
		<intro>马差点吃到蚂蚁</intro>
		<tips>自然|平台|DiscoveryVR</tips>
		<name>horsedogant.mp4</name>
		<iconpath>horsedogant.jpg</iconpath>			
	</item>	
</VitoConfig>